benchmark_id,benchmark_family,method_id,method_revision,source_type,source_id,independent,inputs_json,expected_intermediates_json,expected_result_json,tolerance_type,tolerance_value,reviewer,status
HP-REG-001,CLASS_A_REGRESSION,B313-CH9-PF-2024-R1,1.0.0,REGRESSION_AUDIT,SRC-B313-2024,TRUE,"{""od_mm"":114.3,""design_p_mpa"":20.0,""allowable_s_mpa"":138.0,""ci_mm"":3.0,""co_mm"":0.0,""minus_tol_pct"":12.5,""tnom_mm"":13.49,""pmin_mpa"":2.0,""pmax_mpa"":20.0}","{""t_pressure_mm"":7.710393498,""tm_mm"":10.710393498,""t_min_m_mm"":11.803750000,""t_eff_mm"":8.803750000,""sp_min_mpa"":14.066554625,""sp_max_mpa"":140.665546246,""delta_sp_mpa"":126.598991621,""salt_mpa"":63.299495811,""sigma_axial_mpa"":50.332773123,""sigma_hoop_mpa"":120.665546246,""sigma_radial_mpa"":-20.0}","{""pressure_rating_mpa"":23.086120852,""rating_margin"":1.154306043,""status"":""PASS""}",RELATIVE,0.0001,CHIEF_ENGR,QUALIFIED
HP-AN-001,CLASS_B_ANALYTICAL,B313-CH9-PF-2024-R1,1.0.0,INDEPENDENT_ANALYTICAL,SRC-TEST-SYNTH,TRUE,"{""od_mm"":114.3,""design_p_mpa"":20.0,""allowable_s_mpa"":138.0,""ci_mm"":3.0,""co_mm"":0.0,""minus_tol_pct"":12.5,""tnom_mm"":13.49,""pmin_mpa"":2.0,""pmax_mpa"":20.0}","{""t_pressure_mm"":7.710393498,""tm_mm"":10.710393498,""t_eff_mm"":8.803750000}","{""pressure_rating_mpa"":23.086120852,""delta_sp_mpa"":126.598991621,""salt_mpa"":63.299495811,""status"":""PASS""}",RELATIVE,0.0001,CHIEF_ENGR,QUALIFIED
HP-AN-002,CLASS_B_ANALYTICAL,B313-CH9-PF-2024-R1,1.0.0,INDEPENDENT_ANALYTICAL,SRC-TEST-SYNTH,TRUE,"{""od_mm"":60.3,""design_p_mpa"":30.0,""allowable_s_mpa"":160.0,""ci_mm"":1.5,""co_mm"":0.0,""minus_tol_pct"":10.0,""tnom_mm"":8.74,""pmin_mpa"":5.0,""pmax_mpa"":30.0}","{""t_pressure_mm"":5.154772,""tm_mm"":6.654772,""t_eff_mm"":6.366000}","{""pressure_rating_mpa"":37.947494,""delta_sp_mpa"":132.377865,""salt_mpa"":66.188932,""status"":""PASS""}",RELATIVE,0.0001,CHIEF_ENGR,QUALIFIED
HP-AN-003,CLASS_B_ANALYTICAL,B313-CH9-PF-2024-R1,1.0.0,INDEPENDENT_ANALYTICAL,SRC-TEST-SYNTH,TRUE,"{""od_mm"":168.3,""design_p_mpa"":35.0,""allowable_s_mpa"":150.0,""ci_mm"":3.0,""co_mm"":1.0,""minus_tol_pct"":12.5,""tnom_mm"":22.23,""pmin_mpa"":0.0,""pmax_mpa"":35.0}","{""t_pressure_mm"":17.304383,""tm_mm"":21.304383,""t_eff_mm"":15.451250}","{""pressure_rating_mpa"":30.836773,""delta_sp_mpa"":209.884695,""salt_mpa"":104.942347,""status"":""FAIL_STATIC_RATING_EXCEEDED""}",RELATIVE,0.0001,CHIEF_ENGR,QUALIFIED
HP-AN-004,CLASS_B_ANALYTICAL,B313-CH9-PF-2024-R1,1.0.0,INDEPENDENT_ANALYTICAL,SRC-TEST-SYNTH,TRUE,"{""od_mm"":88.9,""design_p_mpa"":15.0,""allowable_s_mpa"":120.0,""ci_mm"":2.0,""co_mm"":0.5,""minus_tol_pct"":0.0,""tnom_mm"":8.56,""pmin_mpa"":15.0,""pmax_mpa"":15.0}","{""t_pressure_mm"":5.164261,""tm_mm"":7.664261,""t_eff_mm"":6.060000}","{""pressure_rating_mpa"":17.803848,""delta_sp_mpa"":0.0,""salt_mpa"":0.0,""fatigue_damage"":0.0,""status"":""PASS""}",RELATIVE,0.0001,CHIEF_ENGR,QUALIFIED
HP-GRD-001,CLASS_B_GUARD,B313-CH9-PF-2024-R1,1.0.0,GUARD_CONDITION,SRC-TEST-SYNTH,TRUE,"{""minus_tol_pct"":100.0}","{}","{""disposition"":""BLOCKED"",""error_code"":""ERR_INVALID_MANUFACTURING_TOLERANCE""}",EXACT,0.0,QA_AUDITOR,QUALIFIED
HP-GRD-002,CLASS_B_GUARD,B313-CH9-PF-2024-R1,1.0.0,GUARD_CONDITION,SRC-TEST-SYNTH,TRUE,"{""tnom_mm"":5.0,""minus_tol_pct"":12.5,""ci_mm"":5.0,""co_mm"":0.0}","{}","{""disposition"":""BLOCKED"",""error_code"":""ERR_NON_POSITIVE_EFFECTIVE_WALL""}",EXACT,0.0,QA_AUDITOR,QUALIFIED
HP-GRD-003,CLASS_B_GUARD,B313-CH9-PF-2024-R1,1.0.0,GUARD_CONDITION,SRC-TEST-SYNTH,TRUE,"{""pmin_mpa"":25.0,""pmax_mpa"":10.0}","{}","{""disposition"":""BLOCKED"",""error_code"":""ERR_PMAX_LESS_THAN_PMIN""}",EXACT,0.0,QA_AUDITOR,QUALIFIED
HP-GRD-004,CLASS_B_GUARD,B313-CH9-PF-2024-R1,1.0.0,GUARD_CONDITION,SRC-TEST-SYNTH,TRUE,"{""material_id"":""TEST-MAT"",""temperature_c"":450.0}","{}","{""disposition"":""BLOCKED"",""error_code"":""ERR_MATERIAL_TEMP_OUT_OF_BOUNDS""}",EXACT,0.0,QA_AUDITOR,QUALIFIED
HP-GRD-005,CLASS_B_GUARD,B313-CH9-PF-2024-R1,1.0.0,GUARD_CONDITION,SRC-TEST-SYNTH,TRUE,"{""fatigue_curve_id"":""TEST-SYNTH-CURVE-001"",""seq_mpa"":250.0}","{}","{""disposition"":""BLOCKED"",""error_code"":""ERR_FATIGUE_STRESS_EXCEEDS_CURVE_NO_EXTRAPOLATION""}",EXACT,0.0,QA_AUDITOR,QUALIFIED
HP-GRD-006,CLASS_B_GUARD,B313-CH9-PF-2024-R1,1.0.0,GUARD_CONDITION,SRC-TEST-SYNTH,TRUE,"{""b313_edition"":""2024"",""viii3_source_id"":""SRC-VIII3-2021""}","{}","{""disposition"":""BLOCKED"",""error_code"":""ERR_UNAPPROVED_METHOD_SOURCE_PAIRING""}",EXACT,0.0,QA_AUDITOR,QUALIFIED
HP-GRD-007,CLASS_B_GUARD,B313-CH9-PF-2024-R1,1.0.0,GUARD_CONDITION,SRC-TEST-SYNTH,TRUE,"{""component_type"":""TEE_UNREINFORCED"",""auto_seq_route"":""AUTOMATIC_PRESSURE_ONLY""}","{}","{""disposition"":""BLOCKED"",""error_code"":""ERR_LOCAL_DISCONTINUITY_REQUIRES_FEA""}",EXACT,0.0,QA_AUDITOR,QUALIFIED
HP-GRD-008,CLASS_B_GUARD,B313-CH9-PF-2024-R1,1.0.0,GUARD_CONDITION,SRC-TEST-SYNTH,TRUE,"{""residual_stress_credit_claimed"":true}","{}","{""disposition"":""BLOCKED"",""error_code"":""ERR_RESIDUAL_CREDIT_BLOCKED_FOR_STRAIGHT_PRESSURE_ROUTE""}",EXACT,0.0,QA_AUDITOR,QUALIFIED
HP-RES-001,CLASS_C_RESOLVER,B313-CH9-SYNTH-TEST-R1,1.0.0,INDEPENDENT_RESOLVER,SRC-TEST-SYNTH,TRUE,"{""material_id"":""TEST-MAT"",""temperature_c"":100.0}","{}","{""allowable_s_mpa"":150.0,""yield_syt_mpa"":250.0,""resolution"":""EXACT""}",EXACT,0.0,QA_AUDITOR,QUALIFIED
HP-RES-002,CLASS_C_RESOLVER,B313-CH9-SYNTH-TEST-R1,1.0.0,INDEPENDENT_RESOLVER,SRC-TEST-SYNTH,TRUE,"{""material_id"":""TEST-MAT"",""temperature_c"":150.0}","{}","{""allowable_s_mpa"":145.0,""yield_syt_mpa"":240.0,""resolution"":""LINEAR""}",EXACT,0.0,QA_AUDITOR,QUALIFIED
HP-RES-003,CLASS_C_RESOLVER,B313-CH9-SYNTH-TEST-R1,1.0.0,INDEPENDENT_RESOLVER,SRC-TEST-SYNTH,TRUE,"{""material_id"":""TEST-MAT"",""temperature_c"":200.0}","{}","{""allowable_s_mpa"":140.0,""yield_syt_mpa"":230.0,""resolution"":""EXACT""}",EXACT,0.0,QA_AUDITOR,QUALIFIED
HP-RES-004,CLASS_C_RESOLVER,B313-CH9-SYNTH-TEST-R1,1.0.0,INDEPENDENT_RESOLVER,SRC-TEST-SYNTH,TRUE,"{""material_id"":""TEST-MAT"",""temperature_c"":99.0}","{}","{""disposition"":""BLOCKED"",""error_code"":""ERR_TEMP_BELOW_LOWER_BOUND""}",EXACT,0.0,QA_AUDITOR,QUALIFIED
HP-RES-005,CLASS_C_RESOLVER,B313-CH9-SYNTH-TEST-R1,1.0.0,INDEPENDENT_RESOLVER,SRC-TEST-SYNTH,TRUE,"{""material_id"":""TEST-MAT"",""temperature_c"":201.0}","{}","{""disposition"":""BLOCKED"",""error_code"":""ERR_TEMP_ABOVE_UPPER_BOUND""}",EXACT,0.0,QA_AUDITOR,QUALIFIED
HP-CRV-001,CLASS_D_CURVE,B313-CH9-SYNTH-TEST-R1,1.0.0,INDEPENDENT_FATIGUE,SRC-TEST-SYNTH,TRUE,"{""fatigue_curve_id"":""TEST-SYNTH-CURVE-001"",""seq_mpa"":100.0}","{}","{""n_allowed"":10000.0,""status"":""EXACT_MATCH""}",EXACT,0.0,QA_AUDITOR,QUALIFIED
HP-CRV-002,CLASS_D_CURVE,B313-CH9-SYNTH-TEST-R1,1.0.0,INDEPENDENT_FATIGUE,SRC-TEST-SYNTH,TRUE,"{""fatigue_curve_id"":""TEST-SYNTH-CURVE-001"",""seq_mpa"":70.710678119}","{}","{""n_allowed"":31622.776602,""status"":""LOG_LOG_INTERPOLATED""}",RELATIVE,0.0001,QA_AUDITOR,QUALIFIED
HP-CRV-003,CLASS_D_CURVE,B313-CH9-SYNTH-TEST-R1,1.0.0,INDEPENDENT_FATIGUE,SRC-TEST-SYNTH,TRUE,"{""fatigue_curve_id"":""TEST-SYNTH-CURVE-001"",""seq_mpa"":250.0}","{}","{""disposition"":""BLOCKED"",""error_code"":""ERR_UPPER_STRESS_EXCEEDED_NO_EXTRAPOLATION""}",EXACT,0.0,QA_AUDITOR,QUALIFIED
HP-CRV-004,CLASS_D_CURVE,B313-CH9-SYNTH-TEST-R1,1.0.0,INDEPENDENT_FATIGUE,SRC-TEST-SYNTH,TRUE,"{""fatigue_curve_id"":""TEST-SYNTH-CURVE-001"",""seq_mpa"":40.0}","{}","{""disposition"":""BLOCKED"",""error_code"":""ERR_LOWER_STRESS_BELOW_CURVE_NO_EXTRAPOLATION""}",EXACT,0.0,QA_AUDITOR,QUALIFIED
HP-CRV-005,CLASS_D_CURVE,B313-CH9-SYNTH-TEST-R1,1.0.0,INDEPENDENT_FATIGUE,SRC-TEST-SYNTH,TRUE,"{""blocks"":[{""n_applied"":1000.0,""n_allowed"":10000.0},{""n_applied"":5000.0,""n_allowed"":50000.0}]}","{""u1"":0.100000,""u2"":0.100000}","{""cumulative_usage_u"":0.200000,""status"":""PASS_BELOW_UNITY""}",RELATIVE,0.0001,QA_AUDITOR,QUALIFIED
HP-CODE-24-P01,CLASS_E_CODE_LICENSED,B313-CH9-PF-2024-R1,1.0.0,CODE_OFFICIAL_EXAMPLE,SRC-B313-2024,TRUE,"{""edition"":""2024"",""clause"":""K304.1.2""}","{}","{""validation_basis"":""INDEPENDENT_PE_HAND_CHECK"",""disposition"":""CONGRUENT""}",EXACT,0.0,LEAD_PE,QUALIFIED
HP-CODE-24-F01,CLASS_E_CODE_LICENSED,B313-CH9-PF-2024-R1,1.0.0,CODE_OFFICIAL_EXAMPLE,SRC-B313-2024,TRUE,"{""edition"":""2024"",""clause"":""K304.8""}","{}","{""validation_basis"":""VIII3_KD3_CROSS_SOLVER"",""disposition"":""CONGRUENT""}",EXACT,0.0,LEAD_PE,QUALIFIED
HP-CAESAR-01,CLASS_F_CAESAR,B313-CH9-PF-2024-R1,1.0.0,CROSS_SOLVER_COMPARISON,SRC-B313-2024,TRUE,"{""caesar_version"":""13.00"",""load_case"":""P1_ONLY_STRAIGHT_PIPE""}","{}","{""sp_parity_diff_pct"":0.0000,""salt_parity_diff_pct"":0.0000,""status"":""EXACT_NUMERICAL_EQUIVALENCE""}",RELATIVE,0.0001,SYS_ENGR,QUALIFIED
