class_id,revision,component_type,size_from_nps,size_to_nps,component_id,product_id,qualification_id,restriction,status
CLASS-2500-HP-CS,1.0,STRAIGHT_PIPE,0.5,0.5,COMP-PIPE-NPS1-XXS,PROD-CS-NPS0.5-SCHXXS-12.5,QUAL-PIPE-NPS1-XXS,NONE,BLOCKED_QUALIFICATION_EVIDENCE
CLASS-2500-HP-CS,1.0,STRAIGHT_PIPE,0.75,0.75,COMP-PIPE-NPS1-XXS,PROD-CS-NPS0.75-SCHXXS-12.5,QUAL-PIPE-NPS1-XXS,NONE,BLOCKED_QUALIFICATION_EVIDENCE
CLASS-2500-HP-CS,1.0,STRAIGHT_PIPE,1.0,1.0,COMP-PIPE-NPS1-XXS,PROD-CS-NPS1-SCHXXS-12.5,QUAL-PIPE-NPS1-XXS,NONE,BLOCKED_QUALIFICATION_EVIDENCE
CLASS-2500-HP-CS,1.0,STRAIGHT_PIPE,1.5,1.5,COMP-PIPE-NPS2-SCH160,PROD-CS-NPS1.5-SCHXXS-12.5,QUAL-PIPE-NPS2-SCH160,NONE,ACTIVE
CLASS-2500-HP-CS,1.0,STRAIGHT_PIPE,2.0,2.0,COMP-PIPE-NPS2-SCH160,PROD-CS-NPS2-SCH160-10.0,QUAL-PIPE-NPS2-SCH160,NONE,ACTIVE
CLASS-2500-HP-CS,1.0,STRAIGHT_PIPE,3.0,3.0,COMP-PIPE-NPS3-SCH160,PROD-CS-NPS3-SCH160-12.5,QUAL-PIPE-NPS3-SCH160,NONE,BLOCKED_QUALIFICATION_EVIDENCE
CLASS-2500-HP-CS,1.0,STRAIGHT_PIPE,4.0,4.0,COMP-PIPE-NPS4-SCH160,PROD-CS-NPS4-SCH160-12.5,QUAL-PIPE-NPS4-SCH160,NONE,ACTIVE
CLASS-2500-HP-CS,1.0,STRAIGHT_PIPE,6.0,6.0,COMP-PIPE-NPS6-HEAVY,PROD-CS-NPS6-HEAVY-12.5,QUAL-PIPE-NPS6-HEAVY,NONE,BLOCKED_QUALIFICATION_EVIDENCE
CLASS-2500-HP-CS,1.0,ELBOW_90_LR,4.0,4.0,COMP-ELB-90-NPS4-SCH160,PROD-CS-NPS4-SCH160-12.5,QUAL-ELB90-NPS4-SCH160,Restricted to sustained thermal moments <= envelope,BLOCKED_QUALIFICATION_EVIDENCE
CLASS-2500-HP-CS,1.0,TEE_STRAIGHT,4.0,4.0,COMP-TEE-NPS4-SCH160,PROD-CS-NPS4-SCH160-12.5,QUAL-TEE-NPS4-SCH160,Requires individual FEA qualification report,BLOCKED_QUALIFICATION_EVIDENCE
CLASS-2500-HP-CS,1.0,REDUCER_CONCENTRIC,4.0,2.0,COMP-RED-NPS4X2-SCH160,PROD-CS-NPS4-SCH160-12.5,QUAL-RED-NPS4X2-SCH160,Max half-angle 30 degrees,BLOCKED_QUALIFICATION_EVIDENCE
CLASS-2500-HP-CS,1.0,FLANGE_WELD_NECK,4.0,4.0,COMP-FLG-WN-2500-NPS4,PROD-CS-NPS4-SCH160-12.5,QUAL-FLG-WN-2500-NPS4,Bolt torque monitoring and hub stress check,BLOCKED_QUALIFICATION_EVIDENCE
CLASS-2500-HP-CS,1.0,VALVE_GATE,4.0,4.0,COMP-VALVE-2500-NPS4,PROD-CS-NPS4-SCH160-12.5,QUAL-VALVE-2500-NPS4,Manufacturer certificate per KD-3 mandatory,BLOCKED_QUALIFICATION_EVIDENCE
